[{"model": "contenttypes.contenttype", "pk": 1, "fields": {"app_label": "admin", "model": "logentry"}}, {"model": "contenttypes.contenttype", "pk": 2, "fields": {"app_label": "auth", "model": "group"}}, {"model": "contenttypes.contenttype", "pk": 3, "fields": {"app_label": "auth", "model": "user"}}, {"model": "contenttypes.contenttype", "pk": 4, "fields": {"app_label": "auth", "model": "permission"}}, {"model": "contenttypes.contenttype", "pk": 5, "fields": {"app_label": "contenttypes", "model": "contenttype"}}, {"model": "contenttypes.contenttype", "pk": 6, "fields": {"app_label": "sessions", "model": "session"}}, {"model": "contenttypes.contenttype", "pk": 7, "fields": {"app_label": "mylib", "model": "country"}}, {"model": "contenttypes.contenttype", "pk": 8, "fields": {"app_label": "mylib", "model": "book"}}, {"model": "contenttypes.contenttype", "pk": 9, "fields": {"app_label": "mylib", "model": "author"}}, {"model": "contenttypes.contenttype", "pk": 10, "fields": {"app_label": "mylib", "model": "genre"}}, {"model": "contenttypes.contenttype", "pk": 11, "fields": {"app_label": "mylib", "model": "publishinghouse"}}, {"model": "sessions.session", "pk": "07leltjlbf4sh4aksimjawtnnabrlj5u", "fields": {"session_data": "YjQ0NTY2OTNjM2QwMmZlZDYzMGM4OGI1NTA5MWEwMTM0NDk4YzVjYTp7Il9hdXRoX3VzZXJfYmFja2VuZCI6ImRqYW5nby5jb250cmliLmF1dGguYmFja2VuZHMuTW9kZWxCYWNrZW5kIiwiX2F1dGhfdXNlcl9pZCI6IjEiLCJfYXV0aF91c2VyX2hhc2giOiI5MjE4YzdmMmI5NDBhODlhMmI5MjYwNjAyMzk2NTE4OWFiOTg4MjU4In0=", "expire_date": "2018-09-20T08:12:10.950Z"}}, {"model": "mylib.country", "pk": 1, "fields": {"name": "Ukraine"}}, {"model": "mylib.country", "pk": 2, "fields": {"name": "USA"}}, {"model": "mylib.country", "pk": 3, "fields": {"name": "Canada"}}, {"model": "mylib.country", "pk": 4, "fields": {"name": "France"}}, {"model": "mylib.country", "pk": 5, "fields": {"name": "Italy"}}, {"model": "mylib.country", "pk": 6, "fields": {"name": "Spain"}}, {"model": "mylib.country", "pk": 7, "fields": {"name": "Germany"}}, {"model": "mylib.country", "pk": 8, "fields": {"name": "Norway"}}, {"model": "mylib.country", "pk": 9, "fields": {"name": "Austria"}}, {"model": "mylib.country", "pk": 10, "fields": {"name": "Denmark"}}, {"model": "mylib.country", "pk": 11, "fields": {"name": "Finland"}}, {"model": "mylib.country", "pk": 12, "fields": {"name": "Estonia"}}, {"model": "mylib.country", "pk": 13, "fields": {"name": "Iceland"}}, {"model": "mylib.country", "pk": 14, "fields": {"name": "Russia"}}, {"model": "mylib.country", "pk": 15, "fields": {"name": "Georgia"}}, {"model": "mylib.genre", "pk": 1, "fields": {"name": "Novel"}}, {"model": "mylib.genre", "pk": 2, "fields": {"name": "science fiction"}}, {"model": "mylib.genre", "pk": 3, "fields": {"name": "triller"}}, {"model": "mylib.genre", "pk": 4, "fields": {"name": "tragedy"}}, {"model": "mylib.genre", "pk": 5, "fields": {"name": "melodrama"}}, {"model": "mylib.genre", "pk": 6, "fields": {"name": "western"}}, {"model": "mylib.genre", "pk": 7, "fields": {"name": "fantasy"}}, {"model": "mylib.genre", "pk": 8, "fields": {"name": "tragic comedy"}}, {"model": "mylib.genre", "pk": 9, "fields": {"name": "mythology"}}, {"model": "mylib.genre", "pk": 10, "fields": {"name": "drama"}}, {"model": "mylib.genre", "pk": 11, "fields": {"name": "romance"}}, {"model": "mylib.genre", "pk": 12, "fields": {"name": "classic"}}, {"model": "mylib.genre", "pk": 13, "fields": {"name": "detective"}}, {"model": "mylib.genre", "pk": 14, "fields": {"name": "humor"}}, {"model": "mylib.genre", "pk": 15, "fields": {"name": "legend"}}, {"model": "mylib.publishinghouse", "pk": 1, "fields": {"created_at": "2018-09-06T09:09:15.884Z", "updated_at": "2018-09-06T09:09:15.884Z", "name": "J. B. Lippincott & Co.", "country": 2}}, {"model": "mylib.publishinghouse", "pk": 2, "fields": {"created_at": "2018-09-06T09:09:33.386Z", "updated_at": "2018-09-06T09:09:33.387Z", "name": "Macmillan Publishers", "country": 2}}, {"model": "mylib.publishinghouse", "pk": 3, "fields": {"created_at": "2018-09-07T11:48:20.451Z", "updated_at": "2018-09-07T11:48:20.451Z", "name": "\u0418\u0437\u0434\u0430\u0442\u0435\u043b\u044c\u0441\u0442\u0432\u043e \u00ab\u0414\u0435\u0442\u0441\u043a\u0430\u044f \u043b\u0438\u0442\u0435\u0440\u0430\u0442\u0443\u0440\u0430\u00bb", "country": 14}}, {"model": "mylib.publishinghouse", "pk": 4, "fields": {"created_at": "2018-09-07T12:12:30.930Z", "updated_at": "2018-09-07T12:12:30.930Z", "name": "Bantam Books", "country": 3}}, {"model": "mylib.publishinghouse", "pk": 5, "fields": {"created_at": "2018-09-07T12:18:27.752Z", "updated_at": "2018-09-07T12:18:27.752Z", "name": "Harcourt, Brace & World", "country": 2}}, {"model": "mylib.author", "pk": 1, "fields": {"created_at": "2018-09-06T08:57:35.365Z", "updated_at": "2018-09-06T08:57:35.365Z", "first_name": "Nelle", "second_name": "Lee", "middle_name": "Harper", "pseudonym": "Harper Lee", "birth_date": "1926-04-28", "death_date": "2016-02-19", "biography": "Nelle Harper Lee (April 28, 1926 \u2013 February 19, 2016), better known by her pen name Harper Lee, was an American novelist widely known for To Kill a Mockingbird, published in 1960. Immediately successful, it won the 1961 Pulitzer Prize and has become a classic of modern American literature. Though Lee had only published this single book, in 2007 she was awarded the Presidential Medal of Freedom for her contribution to literature.[1] Additionally, Lee received numerous honorary degrees, though she declined to speak on those occasions. She was also known for assisting her close friend Truman Capote in his research for the book In Cold Blood (1966).[2] Capote was the basis for the character Dill in To Kill a Mockingbird.", "country": 2, "photo": "", "genre": [1]}}, {"model": "mylib.author", "pk": 2, "fields": {"created_at": "2018-09-06T09:07:13.065Z", "updated_at": "2018-09-06T11:15:06.331Z", "first_name": "John", "second_name": "Griffith", "middle_name": "Charley", "pseudonym": "Jack London", "birth_date": "1876-01-12", "death_date": "1916-11-22", "biography": "John Griffith London (born John Griffith Chaney;[1] January 12, 1876 \u2013 November 22, 1916)[2][3][4][5] was an American novelist, journalist, and social activist. A pioneer in the world of commercial magazine fiction, he was one of the first writers to become a worldwide celebrity and earn a large fortune from writing. He was also an innovator in the genre that would later become known as science fiction.[6]\r\n\r\nHis most famous works include The Call of the Wild and White Fang, both set in the Klondike Gold Rush, as well as the short stories \"To Build a Fire\", \"An Odyssey of the North\", and \"Love of Life\". He also wrote about the South Pacific in stories such as \"The Pearls of Parlay\" and \"The Heathen\", and of the San Francisco Bay area in The Sea Wolf.\r\n\r\nLondon was part of the radical literary group \"The Crowd\" in San Francisco and a passionate advocate of unionization, socialism, and the rights of workers. He wrote several powerful works dealing with these topics, such as his dystopian novel The Iron Heel, his non-fiction expos\u00e9 The People of the Abyss, and The War of the Classes.", "country": 2, "photo": "", "genre": [1, 2]}}, {"model": "mylib.author", "pk": 3, "fields": {"created_at": "2018-09-07T07:05:44.693Z", "updated_at": "2018-09-07T07:07:07.727Z", "first_name": "Test", "second_name": "Abc", "middle_name": "def", "pseudonym": "", "birth_date": "1876-01-12", "death_date": "1916-11-22", "biography": "test authors", "country": 1, "photo": "", "genre": [1, 2, 3]}}, {"model": "mylib.author", "pk": 4, "fields": {"created_at": "2018-09-07T11:42:25.009Z", "updated_at": "2018-09-07T11:43:44.389Z", "first_name": "\u0410\u0440\u043a\u0430\u0434\u0438\u0439", "second_name": "\u0421\u0442\u0440\u0443\u0433\u0430\u0446\u043a\u0438\u0439", "middle_name": "\u041d\u0430\u0442\u0430\u043d\u043e\u0432\u0438\u0447", "pseudonym": "", "birth_date": "1925-08-28", "death_date": "1991-12-10", "biography": "\u0410\u0440\u043a\u0430\u0434\u0438\u0439 \u0421\u0442\u0440\u0443\u0433\u0430\u0446\u043a\u0438\u0439 \u043e\u043a\u043e\u043d\u0447\u0438\u043b \u0412\u043e\u0435\u043d\u043d\u044b\u0439 \u0438\u043d\u0441\u0442\u0438\u0442\u0443\u0442 \u0438\u043d\u043e\u0441\u0442\u0440\u0430\u043d\u043d\u044b\u0445 \u044f\u0437\u044b\u043a\u043e\u0432 \u0432 \u041c\u043e\u0441\u043a\u0432\u0435 (1949), \u0440\u0430\u0431\u043e\u0442\u0430\u043b \u0440\u0435\u0434\u0430\u043a\u0442\u043e\u0440\u043e\u043c.\r\n\u0411\u043e\u0440\u0438\u0441 \u0421\u0442\u0440\u0443\u0433\u0430\u0446\u043a\u0438\u0439 \u043e\u043a\u043e\u043d\u0447\u0438\u043b \u043c\u0435\u0445\u0430\u043d\u0438\u043a\u043e-\u043c\u0430\u0442\u0435\u043c\u0430\u0442\u0438\u0447\u0435\u0441\u043a\u0438\u0439 \u0444\u0430\u043a\u0443\u043b\u044c\u0442\u0435\u0442 \u041b\u0435\u043d\u0438\u043d\u0433\u0440\u0430\u0434\u0441\u043a\u043e\u0433\u043e \u0443\u043d\u0438\u0432\u0435\u0440\u0441\u0438\u0442\u0435\u0442\u0430, \u0440\u0430\u0431\u043e\u0442\u0430\u043b \u0432 \u041f\u0443\u043b\u043a\u043e\u0432\u0441\u043a\u043e\u0439 \u043e\u0431\u0441\u0435\u0440\u0432\u0430\u0442\u043e\u0440\u0438\u0438.\r\n\u0421\u043e\u0432\u043c\u0435\u0441\u0442\u043d\u0443\u044e \u043b\u0438\u0442\u0435\u0440\u0430\u0442\u0443\u0440\u043d\u0443\u044e \u0434\u0435\u044f\u0442\u0435\u043b\u044c\u043d\u043e\u0441\u0442\u044c \u0431\u0440\u0430\u0442\u044c\u044f \u043d\u0430\u0447\u0430\u043b\u0438 \u0432 1957.\r\n\u0412 1959 \u2014 60 \u0432\u044b\u0445\u043e\u0434\u044f\u0442 \u0432 \u0441\u0432\u0435\u0442 \u0438\u0445 \u043f\u0435\u0440\u0432\u044b\u0435 \u043d\u0430\u0443\u0447\u043d\u043e-\u0444\u0430\u043d\u0442\u0430\u0441\u0442\u0438\u0447\u0435\u0441\u043a\u0438\u0435 \u043f\u043e\u0432\u0435\u0441\u0442\u0438 \"\u0421\u0442\u0440\u0430\u043d\u0430 \u0431\u0430\u0433\u0440\u043e\u0432\u044b\u0445 \u0442\u0443\u0447\", \"\u041f\u0443\u0442\u044c \u043d\u0430 \u0410\u043c\u0430\u043b\u044c\u0442\u0435\u044e\", \u0441\u0431\u043e\u0440\u043d\u0438\u043a \u0440\u0430\u0441\u0441\u043a\u0430\u0437\u043e\u0432 \"\u0428\u0435\u0441\u0442\u044c \u0441\u043f\u0438\u0447\u0435\u043a\", \u0432\u044b\u0437\u0432\u0430\u0432\u0448\u0438\u0435 \u043e\u0433\u0440\u043e\u043c\u043d\u044b\u0439 \u0438\u043d\u0442\u0435\u0440\u0435\u0441 \u0447\u0438\u0442\u0430\u0442\u0435\u043b\u0435\u0439.\r\n\u0417\u0430\u0442\u0435\u043c \u043f\u043e\u0441\u043b\u0435\u0434\u043e\u0432\u0430\u043b\u0438: \u0446\u0438\u043a\u043b \u043d\u043e\u0432\u0435\u043b\u043b \"\u0412\u043e\u0437\u0432\u0440\u0430\u0449\u0435\u043d\u0438\u0435\" (1962); \u043f\u043e\u0432\u0435\u0441\u0442\u0438 \u2014 \"\u0422\u0440\u0443\u0434\u043d\u043e \u0431\u044b\u0442\u044c \u0431\u043e\u0433\u043e\u043c\" (1964), \"\u0425\u0438\u0449\u043d\u044b\u0435 \u0432\u0435\u0449\u0438 \u0432\u0435\u043a\u0430\" (1965), \"\u0423\u043b\u0438\u0442\u043a\u0430 \u043d\u0430 \u0441\u043a\u043b\u043e\u043d\u0435\" (1966 \u2014 68), \"\u0412\u0442\u043e\u0440\u043e\u0435 \u043d\u0430\u0448\u0435\u0441\u0442\u0432\u0438\u0435 \u043c\u0430\u0440\u0441\u0438\u0430\u043d\" (1967). \u041a\u0430\u0436\u0434\u043e\u0435 \u043d\u043e\u0432\u043e\u0435 \u043f\u0440\u043e\u0438\u0437\u0432\u0435\u0434\u0435\u043d\u0438\u0435, \u043f\u043e\u044f\u0432\u043b\u044f\u044e\u0449\u0435\u0435\u0441\u044f \u0432 \u043f\u0435\u0447\u0430\u0442\u0438, \u0431\u044b\u043b\u043e \u0431\u043e\u043b\u044c\u0448\u0438\u043c \u0441\u043e\u0431\u044b\u0442\u0438\u0435\u043c \u0434\u043b\u044f \u043c\u043d\u043e\u0433\u043e\u0447\u0438\u0441\u043b\u0435\u043d\u043d\u044b\u0445 \u043f\u043e\u0447\u0438\u0442\u0430\u0442\u0435\u043b\u0435\u0439 \u0444\u0430\u043d\u0442\u0430\u0441\u0442\u0438\u043a\u0438 \u0432 \u043d\u0430\u0448\u0435\u0439 \u0441\u0442\u0440\u0430\u043d\u0435.\r\n\u041d\u0435\u0432\u0435\u0440\u043e\u044f\u0442\u043d\u043e\u0439 \u043f\u043e\u043f\u0443\u043b\u044f\u0440\u043d\u043e\u0441\u0442\u044c\u044e \u043f\u043e\u043b\u044c\u0437\u043e\u0432\u0430\u043b\u0438\u0441\u044c \u043f\u043e\u0432\u0435\u0441\u0442\u0438 \"\u041f\u0438\u043a\u043d\u0438\u043a \u043d\u0430 \u043e\u0431\u043e\u0447\u0438\u043d\u0435\" (\u043b\u0435\u0433 \u0432 \u043e\u0441\u043d\u043e\u0432\u0443 \u0437\u043d\u0430\u043c\u0435\u043d\u0438\u0442\u043e\u0433\u043e \u0444\u0438\u043b\u044c\u043c\u0430 \u0410.\u0422\u0430\u0440\u043a\u043e\u0432\u0441\u043a\u043e\u0433\u043e \"\u0421\u0442\u0430\u043b\u043a\u0435\u0440\"), \"\u041e\u0442\u0435\u043b\u044c \"\u0423 \u043f\u043e\u0433\u0438\u0431\u0448\u0435\u0433\u043e \u0430\u043b\u044c\u043f\u0438\u043d\u0438\u0441\u0442\u0430\" (\u044d\u043a\u0440\u0430\u043d\u0438\u0437\u0438\u0440\u043e\u0432\u0430\u043d\u0430 \u0413.\u041a\u0440\u043e\u043c\u0430\u043d\u043e\u0432\u044b\u043c \u043d\u0430 \"\u0422\u0430\u043b\u043b\u0438\u043d\u043d\u0444\u0438\u043b\u044c\u043c\u0435\" \u0432 1979).\r\n\u0412 1980-\u0435 \u0431\u044b\u043b\u0438 \u043e\u043f\u0443\u0431\u043b\u0438\u043a\u043e\u0432\u0430\u043d\u044b \"\u0416\u0443\u043a \u0432 \u043c\u0443\u0440\u0430\u0432\u0435\u0439\u043d\u0438\u043a\u0435\" (1983), \"\u0412\u043e\u043b\u043d\u044b \u0433\u0430\u0441\u044f\u0442 \u0432\u0435\u0442\u0435\u0440\" (1985 \u2014 86), \"\u0413\u0440\u0430\u0434 \u043e\u0431\u0440\u0435\u0447\u0435\u043d\u043d\u044b\u0439\" (1988 \u2014 89).\r\n\u041e\u0434\u0438\u043d \u0438\u0437 \u043f\u043e\u0441\u043b\u0435\u0434\u043d\u0438\u0445 \u0440\u043e\u043c\u0430\u043d\u043e\u0432 \u2014 \"\u041e\u0442\u044f\u0433\u043e\u0449\u0435\u043d\u043d\u044b\u0435 \u0437\u043b\u043e\u043c, \u0438\u043b\u0438 \u0421\u043e\u0440\u043e\u043a \u043b\u0435\u0442 \u0441\u043f\u0443\u0441\u0442\u044f\" (1988).\r\n\u0410\u0440\u043a\u0430\u0434\u0438\u0439 \u0421\u0442\u0440\u0443\u0433\u0430\u0446\u043a\u0438\u0439 \u0443\u043c\u0435\u0440 12 \u043e\u043a\u0442\u044f\u0431\u0440\u044f 1991. \u0411\u043e\u0440\u0438\u0441 \u0421\u0442\u0440\u0443\u0433\u0430\u0446\u043a\u0438\u0439 \u0443\u043c\u0435\u0440 19 \u043d\u043e\u044f\u0431\u0440\u044f 2012.", "country": 15, "photo": "", "genre": [2, 7, 14]}}, {"model": "mylib.author", "pk": 5, "fields": {"created_at": "2018-09-07T11:45:47.344Z", "updated_at": "2018-09-07T11:45:47.344Z", "first_name": "\u0411\u043e\u0440\u0438\u0441", "second_name": "\u0421\u0442\u0440\u0443\u0433\u0430\u0446\u043a\u0438\u0439", "middle_name": "\u041d\u0430\u0442\u0430\u043d\u043e\u0432\u0438\u0447", "pseudonym": "", "birth_date": "1933-04-15", "death_date": "2012-11-19", "biography": "\u0410\u0440\u043a\u0430\u0434\u0438\u0439 \u0421\u0442\u0440\u0443\u0433\u0430\u0446\u043a\u0438\u0439 \u043e\u043a\u043e\u043d\u0447\u0438\u043b \u0412\u043e\u0435\u043d\u043d\u044b\u0439 \u0438\u043d\u0441\u0442\u0438\u0442\u0443\u0442 \u0438\u043d\u043e\u0441\u0442\u0440\u0430\u043d\u043d\u044b\u0445 \u044f\u0437\u044b\u043a\u043e\u0432 \u0432 \u041c\u043e\u0441\u043a\u0432\u0435 (1949), \u0440\u0430\u0431\u043e\u0442\u0430\u043b \u0440\u0435\u0434\u0430\u043a\u0442\u043e\u0440\u043e\u043c.\r\n\u0411\u043e\u0440\u0438\u0441 \u0421\u0442\u0440\u0443\u0433\u0430\u0446\u043a\u0438\u0439 \u043e\u043a\u043e\u043d\u0447\u0438\u043b \u043c\u0435\u0445\u0430\u043d\u0438\u043a\u043e-\u043c\u0430\u0442\u0435\u043c\u0430\u0442\u0438\u0447\u0435\u0441\u043a\u0438\u0439 \u0444\u0430\u043a\u0443\u043b\u044c\u0442\u0435\u0442 \u041b\u0435\u043d\u0438\u043d\u0433\u0440\u0430\u0434\u0441\u043a\u043e\u0433\u043e \u0443\u043d\u0438\u0432\u0435\u0440\u0441\u0438\u0442\u0435\u0442\u0430, \u0440\u0430\u0431\u043e\u0442\u0430\u043b \u0432 \u041f\u0443\u043b\u043a\u043e\u0432\u0441\u043a\u043e\u0439 \u043e\u0431\u0441\u0435\u0440\u0432\u0430\u0442\u043e\u0440\u0438\u0438.\r\n\u0421\u043e\u0432\u043c\u0435\u0441\u0442\u043d\u0443\u044e \u043b\u0438\u0442\u0435\u0440\u0430\u0442\u0443\u0440\u043d\u0443\u044e \u0434\u0435\u044f\u0442\u0435\u043b\u044c\u043d\u043e\u0441\u0442\u044c \u0431\u0440\u0430\u0442\u044c\u044f \u043d\u0430\u0447\u0430\u043b\u0438 \u0432 1957.\r\n\u0412 1959 \u2014 60 \u0432\u044b\u0445\u043e\u0434\u044f\u0442 \u0432 \u0441\u0432\u0435\u0442 \u0438\u0445 \u043f\u0435\u0440\u0432\u044b\u0435 \u043d\u0430\u0443\u0447\u043d\u043e-\u0444\u0430\u043d\u0442\u0430\u0441\u0442\u0438\u0447\u0435\u0441\u043a\u0438\u0435 \u043f\u043e\u0432\u0435\u0441\u0442\u0438 \"\u0421\u0442\u0440\u0430\u043d\u0430 \u0431\u0430\u0433\u0440\u043e\u0432\u044b\u0445 \u0442\u0443\u0447\", \"\u041f\u0443\u0442\u044c \u043d\u0430 \u0410\u043c\u0430\u043b\u044c\u0442\u0435\u044e\", \u0441\u0431\u043e\u0440\u043d\u0438\u043a \u0440\u0430\u0441\u0441\u043a\u0430\u0437\u043e\u0432 \"\u0428\u0435\u0441\u0442\u044c \u0441\u043f\u0438\u0447\u0435\u043a\", \u0432\u044b\u0437\u0432\u0430\u0432\u0448\u0438\u0435 \u043e\u0433\u0440\u043e\u043c\u043d\u044b\u0439 \u0438\u043d\u0442\u0435\u0440\u0435\u0441 \u0447\u0438\u0442\u0430\u0442\u0435\u043b\u0435\u0439.\r\n\u0417\u0430\u0442\u0435\u043c \u043f\u043e\u0441\u043b\u0435\u0434\u043e\u0432\u0430\u043b\u0438: \u0446\u0438\u043a\u043b \u043d\u043e\u0432\u0435\u043b\u043b \"\u0412\u043e\u0437\u0432\u0440\u0430\u0449\u0435\u043d\u0438\u0435\" (1962); \u043f\u043e\u0432\u0435\u0441\u0442\u0438 \u2014 \"\u0422\u0440\u0443\u0434\u043d\u043e \u0431\u044b\u0442\u044c \u0431\u043e\u0433\u043e\u043c\" (1964), \"\u0425\u0438\u0449\u043d\u044b\u0435 \u0432\u0435\u0449\u0438 \u0432\u0435\u043a\u0430\" (1965), \"\u0423\u043b\u0438\u0442\u043a\u0430 \u043d\u0430 \u0441\u043a\u043b\u043e\u043d\u0435\" (1966 \u2014 68), \"\u0412\u0442\u043e\u0440\u043e\u0435 \u043d\u0430\u0448\u0435\u0441\u0442\u0432\u0438\u0435 \u043c\u0430\u0440\u0441\u0438\u0430\u043d\" (1967). \u041a\u0430\u0436\u0434\u043e\u0435 \u043d\u043e\u0432\u043e\u0435 \u043f\u0440\u043e\u0438\u0437\u0432\u0435\u0434\u0435\u043d\u0438\u0435, \u043f\u043e\u044f\u0432\u043b\u044f\u044e\u0449\u0435\u0435\u0441\u044f \u0432 \u043f\u0435\u0447\u0430\u0442\u0438, \u0431\u044b\u043b\u043e \u0431\u043e\u043b\u044c\u0448\u0438\u043c \u0441\u043e\u0431\u044b\u0442\u0438\u0435\u043c \u0434\u043b\u044f \u043c\u043d\u043e\u0433\u043e\u0447\u0438\u0441\u043b\u0435\u043d\u043d\u044b\u0445 \u043f\u043e\u0447\u0438\u0442\u0430\u0442\u0435\u043b\u0435\u0439 \u0444\u0430\u043d\u0442\u0430\u0441\u0442\u0438\u043a\u0438 \u0432 \u043d\u0430\u0448\u0435\u0439 \u0441\u0442\u0440\u0430\u043d\u0435.\r\n\u041d\u0435\u0432\u0435\u0440\u043e\u044f\u0442\u043d\u043e\u0439 \u043f\u043e\u043f\u0443\u043b\u044f\u0440\u043d\u043e\u0441\u0442\u044c\u044e \u043f\u043e\u043b\u044c\u0437\u043e\u0432\u0430\u043b\u0438\u0441\u044c \u043f\u043e\u0432\u0435\u0441\u0442\u0438 \"\u041f\u0438\u043a\u043d\u0438\u043a \u043d\u0430 \u043e\u0431\u043e\u0447\u0438\u043d\u0435\" (\u043b\u0435\u0433 \u0432 \u043e\u0441\u043d\u043e\u0432\u0443 \u0437\u043d\u0430\u043c\u0435\u043d\u0438\u0442\u043e\u0433\u043e \u0444\u0438\u043b\u044c\u043c\u0430 \u0410.\u0422\u0430\u0440\u043a\u043e\u0432\u0441\u043a\u043e\u0433\u043e \"\u0421\u0442\u0430\u043b\u043a\u0435\u0440\"), \"\u041e\u0442\u0435\u043b\u044c \"\u0423 \u043f\u043e\u0433\u0438\u0431\u0448\u0435\u0433\u043e \u0430\u043b\u044c\u043f\u0438\u043d\u0438\u0441\u0442\u0430\" (\u044d\u043a\u0440\u0430\u043d\u0438\u0437\u0438\u0440\u043e\u0432\u0430\u043d\u0430 \u0413.\u041a\u0440\u043e\u043c\u0430\u043d\u043e\u0432\u044b\u043c \u043d\u0430 \"\u0422\u0430\u043b\u043b\u0438\u043d\u043d\u0444\u0438\u043b\u044c\u043c\u0435\" \u0432 1979).\r\n\u0412 1980-\u0435 \u0431\u044b\u043b\u0438 \u043e\u043f\u0443\u0431\u043b\u0438\u043a\u043e\u0432\u0430\u043d\u044b \"\u0416\u0443\u043a \u0432 \u043c\u0443\u0440\u0430\u0432\u0435\u0439\u043d\u0438\u043a\u0435\" (1983), \"\u0412\u043e\u043b\u043d\u044b \u0433\u0430\u0441\u044f\u0442 \u0432\u0435\u0442\u0435\u0440\" (1985 \u2014 86), \"\u0413\u0440\u0430\u0434 \u043e\u0431\u0440\u0435\u0447\u0435\u043d\u043d\u044b\u0439\" (1988 \u2014 89).\r\n\u041e\u0434\u0438\u043d \u0438\u0437 \u043f\u043e\u0441\u043b\u0435\u0434\u043d\u0438\u0445 \u0440\u043e\u043c\u0430\u043d\u043e\u0432 \u2014 \"\u041e\u0442\u044f\u0433\u043e\u0449\u0435\u043d\u043d\u044b\u0435 \u0437\u043b\u043e\u043c, \u0438\u043b\u0438 \u0421\u043e\u0440\u043e\u043a \u043b\u0435\u0442 \u0441\u043f\u0443\u0441\u0442\u044f\" (1988).\r\n\u0410\u0440\u043a\u0430\u0434\u0438\u0439 \u0421\u0442\u0440\u0443\u0433\u0430\u0446\u043a\u0438\u0439 \u0443\u043c\u0435\u0440 12 \u043e\u043a\u0442\u044f\u0431\u0440\u044f 1991. \u0411\u043e\u0440\u0438\u0441 \u0421\u0442\u0440\u0443\u0433\u0430\u0446\u043a\u0438\u0439 \u0443\u043c\u0435\u0440 19 \u043d\u043e\u044f\u0431\u0440\u044f 2012.", "country": 14, "photo": "", "genre": [2, 7, 12, 14]}}, {"model": "mylib.author", "pk": 6, "fields": {"created_at": "2018-09-07T12:11:29.720Z", "updated_at": "2018-09-07T12:11:29.720Z", "first_name": "George", "second_name": "Martin", "middle_name": "Raymond Richard", "pseudonym": "", "birth_date": "1948-09-20", "death_date": null, "biography": "George Raymond Richard Martin[1] (born George Raymond Martin; September 20, 1948),[2] also known as GRRM,[3] is an American novelist and short-story writer in the fantasy, horror, and science fiction genres, screenwriter, and television producer. He is best known for his series of epic fantasy novels, A Song of Ice and Fire, which was later adapted into the HBO series Game of Thrones (2011\u2013present).\r\n\r\nIn 2005, Lev Grossman of Time called Martin \"the American Tolkien\",[4] and in 2011, he was included on the annual Time 100 list of the most influential people in the world.", "country": 2, "photo": "", "genre": [1, 2, 4, 7, 14]}}, {"model": "mylib.author", "pk": 7, "fields": {"created_at": "2018-09-07T12:17:25.260Z", "updated_at": "2018-09-07T12:17:25.260Z", "first_name": "Daniel", "second_name": "Keyes", "middle_name": "", "pseudonym": "", "birth_date": "1927-08-09", "death_date": "2014-06-15", "biography": "Keyes was born in New York City, New York.[2] His family was Jewish.[3][4] He attended New York University briefly before joining the United States Maritime Service at 17, working as a ship's purser on oil tankers.[2] Afterward he returned to New York and in 1950 received a bachelor's degree in psychology from Brooklyn College.[2]\r\n\r\nA month after graduation, Keyes joined publisher Martin Goodman's magazine company, Magazine Management.[2] He eventually became an editor of their pulp magazine Marvel Science Stories[5] (cover-dated Nov. 1950 \u2013 May 1952) after editor Robert O. Erisman,[6] and began writing for the company's comic-book lines Atlas Comics, the 1950s precursors of Marvel Comics. After Goodman ceased publishing pulps in favor of paperback books and men's adventure magazines, Keyes became an associate editor of Atlas[1] under editor-in-chief and art director Stan Lee. Circa 1952, Keyes was one of several staff writers, officially titled editors, who wrote for such horror and science fiction comics as Journey into Unknown Worlds, for which Keyes wrote two stories with artist Basil Wolverton.[7]", "country": 2, "photo": "", "genre": [2]}}, {"model": "mylib.book", "pk": 1, "fields": {"created_at": "2018-09-06T09:11:16.846Z", "updated_at": "2018-09-06T09:11:16.846Z", "title": "To Kill a Mockingbird", "year": 1960, "number_page": 281, "publishing": 1, "description": "To Kill a Mockingbird is a novel by Harper Lee published in 1960. It was immediately successful, winning the Pulitzer Prize, and has become a classic of modern American literature. The plot and characters are loosely based on Lee's observations of her family, her neighbors and an event that occurred near her hometown of Monroeville, Alabama, in 1936, when she was 10 years old. The story is told by the six-year-old Jean Louise Finch.", "cover": "", "authors": [1], "genre": [1]}}, {"model": "mylib.book", "pk": 2, "fields": {"created_at": "2018-09-06T09:12:17.564Z", "updated_at": "2018-09-06T09:12:17.564Z", "title": "The Call of the Wild", "year": 1903, "number_page": 232, "publishing": 2, "description": "The Call of the Wild is a short adventure novel by Jack London published in 1903 and set in Yukon, Canada, during the 1890s Klondike Gold Rush, when strong sled dogs were in high demand. The central character of the novel is a dog named Buck. The story opens at a ranch in Santa Clara Valley, California, when Buck is stolen from his home and sold into service as a sled dog in Alaska. He becomes progressively feral in the harsh environment, where he is forced to fight to survive and dominate other dogs. By the end, he sheds the veneer of civilization, and relies on primordial instinct and learned experience to emerge as a leader in the wild.\r\n\r\nLondon spent almost a year in the Yukon, and his observations form much of the material for the book. The story was serialized in the Saturday Evening Post in the summer of 1903 and was published a month later in book form. The book\u2019s great popularity and success made a reputation for London. As early as 1923, the story was adapted to film, and it has since seen several more cinematic adaptations.", "cover": "", "authors": [2], "genre": [1]}}, {"model": "mylib.book", "pk": 3, "fields": {"created_at": "2018-09-06T09:13:42.588Z", "updated_at": "2018-09-07T07:07:22.773Z", "title": "White Fang", "year": 1906, "number_page": 298, "publishing": 2, "description": "White Fang is a novel by American author Jack London (1876\u20131916) \u2014 and the name of the book's eponymous character, a wild wolfdog. First serialized in Outing magazine, it was published in 1906. The story takes place in Yukon Territory and the Northwest Territories, Canada, during the 1890s Klondike Gold Rush and details White Fang's journey to domestication. It is a companion novel (and a thematic mirror) to London's best-known work, The Call of the Wild, which is about a kidnapped, domesticated dog embracing his wild ancestry to survive and thrive in the wild.\r\n\r\nMuch of White Fang is written from the viewpoint of the titular canine character, enabling London to explore how animals view their world and how they view humans. White Fang examines the violent world of wild animals and the equally violent world of humans. The book also explores complex themes including morality and redemption.\r\n\r\nAs early as 1925, the story was adapted to film, and it has since seen several more cinematic adaptations, including a 1991 film starring Ethan Hawke and a 2018 Netflix original.", "cover": "", "authors": [2, 3], "genre": [1, 2, 4, 8]}}, {"model": "mylib.book", "pk": 4, "fields": {"created_at": "2018-09-07T11:49:51.913Z", "updated_at": "2018-09-07T11:49:51.913Z", "title": "\u041f\u043e\u043d\u0435\u0434\u0435\u043b\u044c\u043d\u0438\u043a \u043d\u0430\u0447\u0438\u043d\u0430\u0435\u0442\u0441\u044f \u0432 \u0441\u0443\u0431\u0431\u043e\u0442\u0443", "year": 1965, "number_page": 208, "publishing": 3, "description": "\u0424\u0430\u043d\u0442\u0430\u0441\u0442\u0438\u0447\u0435\u0441\u043a\u0430\u044f \u044e\u043c\u043e\u0440\u0438\u0441\u0442\u0438\u0447\u0435\u0441\u043a\u0430\u044f \u043f\u043e\u0432\u0435\u0441\u0442\u044c \u0431\u0440\u0430\u0442\u044c\u0435\u0432 \u0421\u0442\u0440\u0443\u0433\u0430\u0446\u043a\u0438\u0445, \u043e\u0434\u043d\u043e \u0438\u0437 \u043d\u0430\u0438\u0431\u043e\u043b\u0435\u0435 \u0441\u0432\u043e\u0435\u043e\u0431\u0440\u0430\u0437\u043d\u044b\u0445 \u0432\u043e\u043f\u043b\u043e\u0449\u0435\u043d\u0438\u0439 \u0441\u043e\u0432\u0435\u0442\u0441\u043a\u043e\u0439 \u0443\u0442\u043e\u043f\u0438\u0438 1960-\u0445 \u0433\u043e\u0434\u043e\u0432, \u0445\u0443\u0434\u043e\u0436\u0435\u0441\u0442\u0432\u0435\u043d\u043d\u0430\u044f \u0440\u0435\u0430\u043b\u0438\u0437\u0430\u0446\u0438\u044f \u043c\u0435\u0447\u0442\u044b \u0430\u0432\u0442\u043e\u0440\u043e\u0432 \u043e \u0432\u043e\u0437\u043c\u043e\u0436\u043d\u043e\u0441\u0442\u0438 \u0434\u043b\u044f \u0441\u043e\u0432\u0440\u0435\u043c\u0435\u043d\u043d\u043e\u0433\u043e \u0442\u0430\u043b\u0430\u043d\u0442\u043b\u0438\u0432\u043e\u0433\u043e \u0447\u0435\u043b\u043e\u0432\u0435\u043a\u0430 \u0441\u043e\u0441\u0440\u0435\u0434\u043e\u0442\u043e\u0447\u0438\u0442\u044c\u0441\u044f \u043d\u0430 \u043d\u0430\u0443\u0447\u043d\u043e\u043c \u0442\u0432\u043e\u0440\u0447\u0435\u0441\u0442\u0432\u0435 \u0438 \u043f\u043e\u0437\u043d\u0430\u043d\u0438\u0438 \u0442\u0430\u0439\u043d \u0412\u0441\u0435\u043b\u0435\u043d\u043d\u043e\u0439. \u0421\u0443\u0449\u0435\u0441\u0442\u0432\u0435\u043d\u043d\u0443\u044e \u0440\u043e\u043b\u044c \u0432 \u043f\u043e\u0432\u0435\u0441\u0442\u0438 \u0438\u0433\u0440\u0430\u044e\u0442 \u0442\u0430\u043a\u0436\u0435 \u044f\u0440\u043a\u043e \u0432\u044b\u0440\u0430\u0436\u0435\u043d\u043d\u044b\u0435 \u0441\u0430\u0442\u0438\u0440\u0438\u0447\u0435\u0441\u043a\u0438\u0435 \u043c\u043e\u0442\u0438\u0432\u044b; \u0432 \u043d\u0435\u0439 \u0432\u044b\u0441\u043c\u0435\u0438\u0432\u0430\u044e\u0442\u0441\u044f \u043f\u0440\u0438\u0441\u043f\u043e\u0441\u043e\u0431\u043b\u0435\u043d\u0446\u044b, \u0431\u044e\u0440\u043e\u043a\u0440\u0430\u0442\u044b \u0438 \u0436\u0443\u043b\u0438\u043a\u0438 \u043e\u0442 \u043d\u0430\u0443\u043a\u0438.", "cover": "", "authors": [4, 5], "genre": [7, 14]}}, {"model": "mylib.book", "pk": 5, "fields": {"created_at": "2018-09-07T11:54:00.695Z", "updated_at": "2018-09-07T11:54:00.695Z", "title": "\u041f\u0438\u043a\u043d\u0438\u043a \u043d\u0430 \u043e\u0431\u043e\u0447\u0438\u043d\u0435", "year": 1972, "number_page": 152, "publishing": 3, "description": "\u00ab\u0421\u0447\u0430\u0441\u0442\u044c\u0435 \u0434\u043b\u044f \u0432\u0441\u0435\u0445, \u0438 \u043f\u0443\u0441\u0442\u044c \u043d\u0438\u043a\u0442\u043e \u043d\u0435 \u0443\u0439\u0434\u0451\u0442 \u043e\u0431\u0438\u0436\u0435\u043d\u043d\u044b\u043c!\u00bb \u0417\u043d\u0430\u043a\u043e\u0432\u044b\u0435 \u0441\u043b\u043e\u0432\u0430\u2026\r\n\u0428\u0435\u0434\u0435\u0432\u0440 \u0431\u0440\u0430\u0442\u044c\u0435\u0432 \u0421\u0442\u0440\u0443\u0433\u0430\u0446\u043a\u0438\u0445.\r\n\u0416\u0451\u0441\u0442\u043a\u0430\u044f, \u0431\u0435\u0441\u043a\u043e\u043d\u0435\u0447\u043d\u043e \u0443\u0432\u043b\u0435\u043a\u0430\u0442\u0435\u043b\u044c\u043d\u0430\u044f \u0438 \u0432 \u0442\u043e \u0436\u0435 \u0432\u0440\u0435\u043c\u044f \u0431\u0435\u0441\u043a\u043e\u043d\u0435\u0447\u043d\u043e \u0444\u0438\u043b\u043e\u0441\u043e\u0444\u0441\u043a\u0430\u044f \u043a\u043d\u0438\u0433\u0430.\r\n\u0412\u0440\u0435\u043c\u044f \u0438\u0434\u0451\u0442\u2026\r\n\u041d\u043e \u0438\u0441\u0442\u043e\u0440\u0438\u044f \u0437\u0430\u0433\u0430\u0434\u043e\u0447\u043d\u043e\u0439 \u0417\u043e\u043d\u044b \u0438 \u043b\u0443\u0447\u0448\u0435\u0433\u043e \u0438\u0437 \u0435\u0451 \u0441\u0442\u0430\u043b\u043a\u0435\u0440\u043e\u0432 \u2014 \u0420\u044d\u0434\u0430 \u0428\u0443\u0445\u0430\u0440\u0442\u0430 \u2014 \u043f\u043e-\u043f\u0440\u0435\u0436\u043d\u0435\u043c\u0443 \u0442\u0440\u0435\u0432\u043e\u0436\u0438\u0442 \u0438 \u0431\u0443\u0434\u043e\u0440\u0430\u0436\u0438\u0442 \u0447\u0438\u0442\u0430\u0442\u0435\u043b\u044f.", "cover": "", "authors": [4, 5], "genre": [2, 7, 14]}}, {"model": "mylib.book", "pk": 6, "fields": {"created_at": "2018-09-07T12:14:44.347Z", "updated_at": "2018-09-07T12:14:44.347Z", "title": "A Song of Ice and Fire", "year": 1996, "number_page": 821, "publishing": 4, "description": "A Song of Ice and Fire is a series of epic fantasy novels by the American novelist and screenwriter George R. R. Martin. He began the first volume of the series, A Game of Thrones, in 1991, and it was published in 1996. Martin, who initially envisioned the series as a trilogy, has published five out of a planned seven volumes. The fifth and most recent volume of the series published in 2011, A Dance with Dragons, took Martin six years to write. He is still writing the sixth novel, The Winds of Winter.\r\n\r\nA Song of Ice and Fire takes place on the fictional continents Westeros and Essos. The point of view of each chapter in the story is a limited perspective of a range of characters growing from nine, in the first novel, to 31 characters by the fifth novel. Three main stories interweave: a dynastic war among several families for control of Westeros, the rising threat of the supernatural Others in the northernmost reaches of Westeros, and the ambition of Daenerys Targaryen, the deposed king's exiled daughter, to assume the Iron Throne.\r\n\r\nMartin's inspirations included the Wars of the Roses and the French historical novels The Accursed Kings by Maurice Druon.[2][3] A Song of Ice and Fire received praise for its diverse portrayal of women and religion, as well as its realism. An assortment of disparate and subjective points of view confronts the reader, and the success or survival of point of view characters is never assured. Within the often morally ambiguous world of A Song of Ice and Fire, questions concerning loyalty, pride, human sexuality, piety, and the morality of violence frequently arise.\r\n\r\nAs of August 2016, the books have sold more than 70 million copies worldwide[4] and, as of January 2017, have been translated into 47 languages.[5][6] The fourth and fifth volumes reached the top of The New York Times Best Seller lists upon their releases.[7] Among the many derived works are several prequel novellas, a TV series, a comic book adaptation, and several card, board, and video games.", "cover": "", "authors": [6], "genre": [7, 12, 15]}}, {"model": "mylib.book", "pk": 7, "fields": {"created_at": "2018-09-07T12:19:30.704Z", "updated_at": "2018-09-07T12:19:30.704Z", "title": "Flowers for Algernon", "year": 1966, "number_page": 311, "publishing": 5, "description": "Flowers for Algernon is a science fiction short story and subsequent novel written by Daniel Keyes. The short story, written in 1958 and first published in the April 1959 issue of The Magazine of Fantasy & Science Fiction, won the Hugo Award for Best Short Story in 1960.[2] The novel was published in 1966 and was joint winner of that year's Nebula Award for Best Novel (with Babel-17).[3]\r\n\r\nAlgernon is a laboratory mouse who has undergone surgery to increase his intelligence by artificial means. The story is told by a series of progress reports written by Charlie Gordon, the first human test subject for the surgery, and it touches upon many different ethical and moral themes such as the treatment of the mentally disabled.[4][5]\r\n\r\nAlthough the book has often been challenged for removal from libraries in the United States and Canada,[6][7] sometimes successfully,[8] it is frequently taught in schools around the world[9] and has been adapted many times for television, theatre, radio, and as the Academy Award-winning film Charly.", "cover": "", "authors": [7], "genre": [2]}}, {"model": "auth.permission", "pk": 1, "fields": {"name": "Can add log entry", "content_type": 1, "codename": "add_logentry"}}, {"model": "auth.permission", "pk": 2, "fields": {"name": "Can change log entry", "content_type": 1, "codename": "change_logentry"}}, {"model": "auth.permission", "pk": 3, "fields": {"name": "Can delete log entry", "content_type": 1, "codename": "delete_logentry"}}, {"model": "auth.permission", "pk": 4, "fields": {"name": "Can view log entry", "content_type": 1, "codename": "view_logentry"}}, {"model": "auth.permission", "pk": 5, "fields": {"name": "Can add group", "content_type": 2, "codename": "add_group"}}, {"model": "auth.permission", "pk": 6, "fields": {"name": "Can change group", "content_type": 2, "codename": "change_group"}}, {"model": "auth.permission", "pk": 7, "fields": {"name": "Can delete group", "content_type": 2, "codename": "delete_group"}}, {"model": "auth.permission", "pk": 8, "fields": {"name": "Can view group", "content_type": 2, "codename": "view_group"}}, {"model": "auth.permission", "pk": 9, "fields": {"name": "Can add user", "content_type": 3, "codename": "add_user"}}, {"model": "auth.permission", "pk": 10, "fields": {"name": "Can change user", "content_type": 3, "codename": "change_user"}}, {"model": "auth.permission", "pk": 11, "fields": {"name": "Can delete user", "content_type": 3, "codename": "delete_user"}}, {"model": "auth.permission", "pk": 12, "fields": {"name": "Can view user", "content_type": 3, "codename": "view_user"}}, {"model": "auth.permission", "pk": 13, "fields": {"name": "Can add permission", "content_type": 4, "codename": "add_permission"}}, {"model": "auth.permission", "pk": 14, "fields": {"name": "Can change permission", "content_type": 4, "codename": "change_permission"}}, {"model": "auth.permission", "pk": 15, "fields": {"name": "Can delete permission", "content_type": 4, "codename": "delete_permission"}}, {"model": "auth.permission", "pk": 16, "fields": {"name": "Can view permission", "content_type": 4, "codename": "view_permission"}}, {"model": "auth.permission", "pk": 17, "fields": {"name": "Can add content type", "content_type": 5, "codename": "add_contenttype"}}, {"model": "auth.permission", "pk": 18, "fields": {"name": "Can change content type", "content_type": 5, "codename": "change_contenttype"}}, {"model": "auth.permission", "pk": 19, "fields": {"name": "Can delete content type", "content_type": 5, "codename": "delete_contenttype"}}, {"model": "auth.permission", "pk": 20, "fields": {"name": "Can view content type", "content_type": 5, "codename": "view_contenttype"}}, {"model": "auth.permission", "pk": 21, "fields": {"name": "Can add session", "content_type": 6, "codename": "add_session"}}, {"model": "auth.permission", "pk": 22, "fields": {"name": "Can change session", "content_type": 6, "codename": "change_session"}}, {"model": "auth.permission", "pk": 23, "fields": {"name": "Can delete session", "content_type": 6, "codename": "delete_session"}}, {"model": "auth.permission", "pk": 24, "fields": {"name": "Can view session", "content_type": 6, "codename": "view_session"}}, {"model": "auth.permission", "pk": 25, "fields": {"name": "Can add country", "content_type": 7, "codename": "add_country"}}, {"model": "auth.permission", "pk": 26, "fields": {"name": "Can change country", "content_type": 7, "codename": "change_country"}}, {"model": "auth.permission", "pk": 27, "fields": {"name": "Can delete country", "content_type": 7, "codename": "delete_country"}}, {"model": "auth.permission", "pk": 28, "fields": {"name": "Can view country", "content_type": 7, "codename": "view_country"}}, {"model": "auth.permission", "pk": 29, "fields": {"name": "Can add book", "content_type": 8, "codename": "add_book"}}, {"model": "auth.permission", "pk": 30, "fields": {"name": "Can change book", "content_type": 8, "codename": "change_book"}}, {"model": "auth.permission", "pk": 31, "fields": {"name": "Can delete book", "content_type": 8, "codename": "delete_book"}}, {"model": "auth.permission", "pk": 32, "fields": {"name": "Can view book", "content_type": 8, "codename": "view_book"}}, {"model": "auth.permission", "pk": 33, "fields": {"name": "Can add author", "content_type": 9, "codename": "add_author"}}, {"model": "auth.permission", "pk": 34, "fields": {"name": "Can change author", "content_type": 9, "codename": "change_author"}}, {"model": "auth.permission", "pk": 35, "fields": {"name": "Can delete author", "content_type": 9, "codename": "delete_author"}}, {"model": "auth.permission", "pk": 36, "fields": {"name": "Can view author", "content_type": 9, "codename": "view_author"}}, {"model": "auth.permission", "pk": 37, "fields": {"name": "Can add genre", "content_type": 10, "codename": "add_genre"}}, {"model": "auth.permission", "pk": 38, "fields": {"name": "Can change genre", "content_type": 10, "codename": "change_genre"}}, {"model": "auth.permission", "pk": 39, "fields": {"name": "Can delete genre", "content_type": 10, "codename": "delete_genre"}}, {"model": "auth.permission", "pk": 40, "fields": {"name": "Can view genre", "content_type": 10, "codename": "view_genre"}}, {"model": "auth.permission", "pk": 41, "fields": {"name": "Can add publishing house", "content_type": 11, "codename": "add_publishinghouse"}}, {"model": "auth.permission", "pk": 42, "fields": {"name": "Can change publishing house", "content_type": 11, "codename": "change_publishinghouse"}}, {"model": "auth.permission", "pk": 43, "fields": {"name": "Can delete publishing house", "content_type": 11, "codename": "delete_publishinghouse"}}, {"model": "auth.permission", "pk": 44, "fields": {"name": "Can view publishing house", "content_type": 11, "codename": "view_publishinghouse"}}, {"model": "auth.user", "pk": 1, "fields": {"password": "pbkdf2_sha256$120000$y03WqNjwIvJl$z4PR/Wpp0XzsInVu7qu5hNZBr8RjADRjADz4GTd8aVQ=", "last_login": "2018-09-06T08:12:10.872Z", "is_superuser": true, "username": "admin", "first_name": "", "last_name": "", "email": "admin@gmail.com", "is_staff": true, "is_active": true, "date_joined": "2018-09-05T13:02:31.094Z", "groups": [], "user_permissions": []}}, {"model": "admin.logentry", "pk": 1, "fields": {"action_time": "2018-09-06T08:13:57.633Z", "user": 1, "content_type": 7, "object_id": "1", "object_repr": "Country object (1)", "action_flag": 1, "change_message": "[{\"added\": {}}]"}}, {"model": "admin.logentry", "pk": 2, "fields": {"action_time": "2018-09-06T08:14:19.745Z", "user": 1, "content_type": 7, "object_id": "2", "object_repr": "Country object (2)", "action_flag": 1, "change_message": "[{\"added\": {}}]"}}, {"model": "admin.logentry", "pk": 3, "fields": {"action_time": "2018-09-06T08:14:30.223Z", "user": 1, "content_type": 7, "object_id": "3", "object_repr": "Country object (3)", "action_flag": 1, "change_message": "[{\"added\": {}}]"}}, {"model": "admin.logentry", "pk": 4, "fields": {"action_time": "2018-09-06T08:14:45.032Z", "user": 1, "content_type": 7, "object_id": "4", "object_repr": "Country object (4)", "action_flag": 1, "change_message": "[{\"added\": {}}]"}}, {"model": "admin.logentry", "pk": 5, "fields": {"action_time": "2018-09-06T08:14:50.445Z", "user": 1, "content_type": 7, "object_id": "5", "object_repr": "Country object (5)", "action_flag": 1, "change_message": "[{\"added\": {}}]"}}, {"model": "admin.logentry", "pk": 6, "fields": {"action_time": "2018-09-06T08:15:30.577Z", "user": 1, "content_type": 7, "object_id": "6", "object_repr": "Country object (6)", "action_flag": 1, "change_message": "[{\"added\": {}}]"}}, {"model": "admin.logentry", "pk": 7, "fields": {"action_time": "2018-09-06T08:15:46.062Z", "user": 1, "content_type": 7, "object_id": "7", "object_repr": "Country object (7)", "action_flag": 1, "change_message": "[{\"added\": {}}]"}}, {"model": "admin.logentry", "pk": 8, "fields": {"action_time": "2018-09-06T08:16:12.992Z", "user": 1, "content_type": 7, "object_id": "8", "object_repr": "Country object (8)", "action_flag": 1, "change_message": "[{\"added\": {}}]"}}, {"model": "admin.logentry", "pk": 9, "fields": {"action_time": "2018-09-06T08:17:31.924Z", "user": 1, "content_type": 7, "object_id": "9", "object_repr": "Country object (9)", "action_flag": 1, "change_message": "[{\"added\": {}}]"}}, {"model": "admin.logentry", "pk": 10, "fields": {"action_time": "2018-09-06T08:18:09.149Z", "user": 1, "content_type": 7, "object_id": "10", "object_repr": "Country object (10)", "action_flag": 1, "change_message": "[{\"added\": {}}]"}}, {"model": "admin.logentry", "pk": 11, "fields": {"action_time": "2018-09-06T08:18:27.454Z", "user": 1, "content_type": 7, "object_id": "11", "object_repr": "Country object (11)", "action_flag": 1, "change_message": "[{\"added\": {}}]"}}, {"model": "admin.logentry", "pk": 12, "fields": {"action_time": "2018-09-06T08:18:35.669Z", "user": 1, "content_type": 7, "object_id": "12", "object_repr": "Country object (12)", "action_flag": 1, "change_message": "[{\"added\": {}}]"}}, {"model": "admin.logentry", "pk": 13, "fields": {"action_time": "2018-09-06T08:19:55.135Z", "user": 1, "content_type": 7, "object_id": "13", "object_repr": "Country object (13)", "action_flag": 1, "change_message": "[{\"added\": {}}]"}}, {"model": "admin.logentry", "pk": 14, "fields": {"action_time": "2018-09-06T08:30:43.140Z", "user": 1, "content_type": 10, "object_id": "1", "object_repr": "Genre object (1)", "action_flag": 1, "change_message": "[{\"added\": {}}]"}}, {"model": "admin.logentry", "pk": 15, "fields": {"action_time": "2018-09-06T08:32:41.938Z", "user": 1, "content_type": 10, "object_id": "2", "object_repr": "Genre object (2)", "action_flag": 1, "change_message": "[{\"added\": {}}]"}}, {"model": "admin.logentry", "pk": 16, "fields": {"action_time": "2018-09-06T08:32:48.704Z", "user": 1, "content_type": 10, "object_id": "3", "object_repr": "Genre object (3)", "action_flag": 1, "change_message": "[{\"added\": {}}]"}}, {"model": "admin.logentry", "pk": 17, "fields": {"action_time": "2018-09-06T08:32:56.176Z", "user": 1, "content_type": 10, "object_id": "4", "object_repr": "Genre object (4)", "action_flag": 1, "change_message": "[{\"added\": {}}]"}}, {"model": "admin.logentry", "pk": 18, "fields": {"action_time": "2018-09-06T08:33:05.248Z", "user": 1, "content_type": 10, "object_id": "5", "object_repr": "Genre object (5)", "action_flag": 1, "change_message": "[{\"added\": {}}]"}}, {"model": "admin.logentry", "pk": 19, "fields": {"action_time": "2018-09-06T08:33:20.384Z", "user": 1, "content_type": 10, "object_id": "6", "object_repr": "Genre object (6)", "action_flag": 1, "change_message": "[{\"added\": {}}]"}}, {"model": "admin.logentry", "pk": 20, "fields": {"action_time": "2018-09-06T08:33:31.086Z", "user": 1, "content_type": 10, "object_id": "7", "object_repr": "Genre object (7)", "action_flag": 1, "change_message": "[{\"added\": {}}]"}}, {"model": "admin.logentry", "pk": 21, "fields": {"action_time": "2018-09-06T08:33:57.993Z", "user": 1, "content_type": 10, "object_id": "8", "object_repr": "Genre object (8)", "action_flag": 1, "change_message": "[{\"added\": {}}]"}}, {"model": "admin.logentry", "pk": 22, "fields": {"action_time": "2018-09-06T08:57:35.370Z", "user": 1, "content_type": 9, "object_id": "1", "object_repr": "Author object (1)", "action_flag": 1, "change_message": "[{\"added\": {}}]"}}, {"model": "admin.logentry", "pk": 23, "fields": {"action_time": "2018-09-06T09:07:13.068Z", "user": 1, "content_type": 9, "object_id": "2", "object_repr": "Author object (2)", "action_flag": 1, "change_message": "[{\"added\": {}}]"}}, {"model": "admin.logentry", "pk": 24, "fields": {"action_time": "2018-09-06T09:09:15.885Z", "user": 1, "content_type": 11, "object_id": "1", "object_repr": "J. B. Lippincott & Co.", "action_flag": 1, "change_message": "[{\"added\": {}}]"}}, {"model": "admin.logentry", "pk": 25, "fields": {"action_time": "2018-09-06T09:09:33.387Z", "user": 1, "content_type": 11, "object_id": "2", "object_repr": "Macmillan Publishers", "action_flag": 1, "change_message": "[{\"added\": {}}]"}}, {"model": "admin.logentry", "pk": 26, "fields": {"action_time": "2018-09-06T09:11:16.852Z", "user": 1, "content_type": 8, "object_id": "1", "object_repr": "Book object (1)", "action_flag": 1, "change_message": "[{\"added\": {}}]"}}, {"model": "admin.logentry", "pk": 27, "fields": {"action_time": "2018-09-06T09:12:17.570Z", "user": 1, "content_type": 8, "object_id": "2", "object_repr": "Book object (2)", "action_flag": 1, "change_message": "[{\"added\": {}}]"}}, {"model": "admin.logentry", "pk": 28, "fields": {"action_time": "2018-09-06T09:13:42.597Z", "user": 1, "content_type": 8, "object_id": "3", "object_repr": "Book object (3)", "action_flag": 1, "change_message": "[{\"added\": {}}]"}}, {"model": "admin.logentry", "pk": 29, "fields": {"action_time": "2018-09-06T11:15:06.335Z", "user": 1, "content_type": 9, "object_id": "2", "object_repr": "Author object (2)", "action_flag": 2, "change_message": "[{\"changed\": {\"fields\": [\"genre\"]}}]"}}, {"model": "admin.logentry", "pk": 30, "fields": {"action_time": "2018-09-06T13:23:09.448Z", "user": 1, "content_type": 8, "object_id": "3", "object_repr": "Book object (3)", "action_flag": 2, "change_message": "[{\"changed\": {\"fields\": [\"genre\"]}}]"}}, {"model": "admin.logentry", "pk": 31, "fields": {"action_time": "2018-09-07T07:04:21.913Z", "user": 1, "content_type": 8, "object_id": "3", "object_repr": "Book object (3)", "action_flag": 2, "change_message": "[{\"changed\": {\"fields\": [\"authors\"]}}]"}}, {"model": "admin.logentry", "pk": 32, "fields": {"action_time": "2018-09-07T07:05:44.696Z", "user": 1, "content_type": 9, "object_id": "3", "object_repr": "Author object (3)", "action_flag": 1, "change_message": "[{\"added\": {}}]"}}, {"model": "admin.logentry", "pk": 33, "fields": {"action_time": "2018-09-07T07:06:02.386Z", "user": 1, "content_type": 8, "object_id": "3", "object_repr": "Book object (3)", "action_flag": 2, "change_message": "[{\"changed\": {\"fields\": [\"authors\"]}}]"}}, {"model": "admin.logentry", "pk": 34, "fields": {"action_time": "2018-09-07T07:06:28.479Z", "user": 1, "content_type": 8, "object_id": "3", "object_repr": "Book object (3)", "action_flag": 2, "change_message": "[{\"changed\": {\"fields\": [\"authors\"]}}]"}}, {"model": "admin.logentry", "pk": 35, "fields": {"action_time": "2018-09-07T07:07:07.730Z", "user": 1, "content_type": 9, "object_id": "3", "object_repr": "Author object (3)", "action_flag": 2, "change_message": "[{\"changed\": {\"fields\": [\"middle_name\"]}}]"}}, {"model": "admin.logentry", "pk": 36, "fields": {"action_time": "2018-09-07T07:07:22.778Z", "user": 1, "content_type": 8, "object_id": "3", "object_repr": "Book object (3)", "action_flag": 2, "change_message": "[{\"changed\": {\"fields\": [\"authors\"]}}]"}}, {"model": "admin.logentry", "pk": 37, "fields": {"action_time": "2018-09-07T11:42:25.014Z", "user": 1, "content_type": 9, "object_id": "4", "object_repr": "Author object (4)", "action_flag": 1, "change_message": "[{\"added\": {}}]"}}, {"model": "admin.logentry", "pk": 38, "fields": {"action_time": "2018-09-07T11:43:44.392Z", "user": 1, "content_type": 9, "object_id": "4", "object_repr": "Author object (4)", "action_flag": 2, "change_message": "[{\"changed\": {\"fields\": [\"country\"]}}]"}}, {"model": "admin.logentry", "pk": 39, "fields": {"action_time": "2018-09-07T11:45:47.348Z", "user": 1, "content_type": 9, "object_id": "5", "object_repr": "Author object (5)", "action_flag": 1, "change_message": "[{\"added\": {}}]"}}, {"model": "admin.logentry", "pk": 40, "fields": {"action_time": "2018-09-07T11:48:20.452Z", "user": 1, "content_type": 11, "object_id": "3", "object_repr": "\u0418\u0437\u0434\u0430\u0442\u0435\u043b\u044c\u0441\u0442\u0432\u043e \u00ab\u0414\u0435\u0442\u0441\u043a\u0430\u044f \u043b\u0438\u0442\u0435\u0440\u0430\u0442\u0443\u0440\u0430\u00bb", "action_flag": 1, "change_message": "[{\"added\": {}}]"}}, {"model": "admin.logentry", "pk": 41, "fields": {"action_time": "2018-09-07T11:49:51.919Z", "user": 1, "content_type": 8, "object_id": "4", "object_repr": "Book object (4)", "action_flag": 1, "change_message": "[{\"added\": {}}]"}}, {"model": "admin.logentry", "pk": 42, "fields": {"action_time": "2018-09-07T11:54:00.701Z", "user": 1, "content_type": 8, "object_id": "5", "object_repr": "\u041f\u0438\u043a\u043d\u0438\u043a \u043d\u0430 \u043e\u0431\u043e\u0447\u0438\u043d\u0435", "action_flag": 1, "change_message": "[{\"added\": {}}]"}}, {"model": "admin.logentry", "pk": 43, "fields": {"action_time": "2018-09-07T12:11:29.724Z", "user": 1, "content_type": 9, "object_id": "6", "object_repr": "Martin", "action_flag": 1, "change_message": "[{\"added\": {}}]"}}, {"model": "admin.logentry", "pk": 44, "fields": {"action_time": "2018-09-07T12:12:30.931Z", "user": 1, "content_type": 11, "object_id": "4", "object_repr": "Bantam Books", "action_flag": 1, "change_message": "[{\"added\": {}}]"}}, {"model": "admin.logentry", "pk": 45, "fields": {"action_time": "2018-09-07T12:14:44.353Z", "user": 1, "content_type": 8, "object_id": "6", "object_repr": "A Song of Ice and Fire", "action_flag": 1, "change_message": "[{\"added\": {}}]"}}, {"model": "admin.logentry", "pk": 46, "fields": {"action_time": "2018-09-07T12:17:25.264Z", "user": 1, "content_type": 9, "object_id": "7", "object_repr": "Keyes", "action_flag": 1, "change_message": "[{\"added\": {}}]"}}, {"model": "admin.logentry", "pk": 47, "fields": {"action_time": "2018-09-07T12:18:27.753Z", "user": 1, "content_type": 11, "object_id": "5", "object_repr": "Harcourt, Brace & World", "action_flag": 1, "change_message": "[{\"added\": {}}]"}}, {"model": "admin.logentry", "pk": 48, "fields": {"action_time": "2018-09-07T12:19:30.709Z", "user": 1, "content_type": 8, "object_id": "7", "object_repr": "Flowers for Algernon", "action_flag": 1, "change_message": "[{\"added\": {}}]"}}]